{
  "required": true,
  "package": "meteordevelopment.meteorclient.mixin",
  "compatibilityLevel": "JAVA_17",
  "plugin": "meteordevelopment.meteorclient.MixinPlugin",
  "client": [
    "AbstractBlockAccessor",
    "AbstractBlockMixin",
    "AbstractBlockStateMixin",
    "AbstractClientPlayerEntityMixin",
    "AbstractFurnaceScreenHandlerMixin",
    "AbstractFurnaceScreenMixin",
    "AbstractSignEditScreenAccessor",
    "AbstractSignEditScreenMixin",
    "ArmorFeatureRendererMixin",
    "AttributeContainerMixin",
    "BackgroundRendererMixin",
    "BakedQuadMixin",
    "BannerBlockEntityRendererMixin",
    "BeaconBlockEntityRendererMixin",
    "BeaconScreenMixin",
    "BiomeColorsMixin",
    "BlockCollisionSpliteratorMixin",
    "BlockEntityRenderDispatcherMixin",
    "BlockEntityTypeAccessor",
    "BlockHitResultAccessor",
    "BlockItemMixin",
    "BlockMixin",
    "BlockModelRendererMixin",
    "BlockRenderManagerMixin",
    "BlockStateMixin",
    "BoatEntityMixin",
    "BookEditScreenMixin",
    "BookScreenMixin",
    "BossBarHudMixin",
    "BoxMixin",
    "BrewingStandScreenMixin",
    "BufferBuilderAccessor",
    "BufferRendererAccessor",
    "CameraMixin",
    "CapabilityTrackerMixin",
    "CapeFeatureRendererMixin",
    "ChatHudAccessor",
    "ChatHudLineMixin",
    "ChatHudLineVisibleMixin",
    "ChatHudMixin",
    "ChatInputSuggestorMixin",
    "ChatScreenMixin",
    "ChunkAccessor",
    "ChunkBorderDebugRendererMixin",
    "ChunkOcclusionDataBuilderMixin",
    "ChunkSkyLightProviderMixin",
    "ClientChunkManagerAccessor",
    "ClientChunkMapAccessor",
    "ClientConnectionAccessor",
    "ClientConnectionMixin",
    "ClientPlayerEntityAccessor",
    "ClientPlayerEntityMixin",
    "ClientPlayerInteractionManagerAccessor",
    "ClientPlayerInteractionManagerMixin",
    "ClientPlayNetworkHandlerAccessor",
    "ClientPlayNetworkHandlerMixin",
    "ClientWorldMixin",
    "CloseHandledScreenC2SPacketAccessor",
    "CobwebBlockMixin",
    "CompassAnglePredicateProviderMixin",
    "ConnectScreenMixin",
    "CrashReportMixin",
    "CreativeInventoryScreenAccessor",
    "CreativeSlotMixin",
    "CrossbowItemAccessor",
    "CustomPayloadS2CPacketMixin",
    "DefaultSkinHelperMixin",
    "DisconnectedScreenMixin",
    "DrawContextMixin",
    "ElytraFeatureRendererMixin",
    "EnchantingTableBlockEntityRendererMixin",
    "EndCrystalEntityRendererMixin",
    "EntityAccessor",
    "EntityAttributeInstanceMixin",
    "EntityBucketItemAccessor",
    "EntityMixin",
    "EntityRenderDispatcherMixin",
    "EntityRendererMixin",
    "EntityTrackingSectionAccessor",
    "EntityVelocityUpdateS2CPacketAccessor",
    "ExplosionMixin",
    "ExplosionS2CPacketMixin",
    "FileCacheAccessor",
    "FireworkRocketEntityMixin",
    "FireworksSparkParticleMixin",
    "FireworksSparkParticleSubMixin",
    "FishingBobberEntityMixin",
    "FluidRendererMixin",
    "FoliageColorsMixin",
    "GameOptionsMixin",
    "GameRendererMixin",
    "HandledScreenAccessor",
    "HandledScreenMixin",
    "HeldItemRendererMixin",
    "HorseBaseEntityMixin",
    "HorseScreenHandlerAccessor",
    "IdentifierAccessor",
    "InGameHudMixin",
    "InGameOverlayRendererMixin",
    "ItemEntityMixin",
    "ItemEntityRendererMixin",
    "ItemMixin",
    "ItemRendererMixin",
    "ItemStackAccessor",
    "ItemStackMixin",
    "KeyBindingAccessor",
    "KeyboardInputMixin",
    "KeyboardMixin",
    "LightmapTextureManagerMixin",
    "LightningEntityRendererMixin",
    "LivingEntityAccessor",
    "LivingEntityMixin",
    "LivingEntityRendererMixin",
    "MapRendererAccessor",
    "MapRendererMixin",
    "MessageHandlerMixin",
    "MinecraftClientAccessor",
    "MinecraftClientMixin",
    "MinecraftServerAccessor",
    "MobSpawnerBlockEntityRendererMixin",
    "MouseMixin",
    "MultiplayerScreenMixin",
    "MutableTextMixin",
    "PacketByteBufMixin",
    "ParticleManagerMixin",
    "PlayerArmorSlotMixin",
    "PlayerEntityMixin",
    "PlayerEntityRendererMixin",
    "PlayerInteractEntityC2SPacketMixin",
    "PlayerListEntryMixin",
    "PlayerListHudMixin",
    "PlayerMoveC2SPacketAccessor",
    "PlayerMoveC2SPacketMixin",
    "PlayerPositionLookS2CPacketAccessor",
    "PlayerSkinProviderAccessor",
    "PowderSnowBlockMixin",
    "ProjectileEntityAccessor",
    "ProjectileInGroundAccessor",
    "RaycastContextMixin",
    "RegistriesMixin",
    "ReloadStateAccessor",
    "RenderLayersMixin",
    "RenderTickCounterMixin",
    "ResourceReloadLoggerAccessor",
    "ScreenMixin",
    "SectionedEntityCacheAccessor",
    "ShapeIndexBufferAccessor",
    "ShulkerBoxBlockMixin",
    "ShulkerEntityAccessor",
    "SignBlockEntityRendererMixin",
    "SimpleEntityLookupAccessor",
    "SimpleOptionMixin",
    "SlimeBlockMixin",
    "SlotMixin",
    "SoundSystemMixin",
    "SplashTextResourceSupplierMixin",
    "StatusEffectInstanceAccessor",
    "StatusEffectInstanceMixin",
    "StringHelperMixin",
    "SweetBerryBushBlockMixin",
    "TextHandlerAccessor",
    "TextMixin",
    "TextRendererMixin",
    "TextVisitFactoryMixin",
    "TitleScreenMixin",
    "TransformationMixin",
    "TridentItemMixin",
    "Vec3dMixin",
    "VertexBufferMixin",
    "WorldAccessor",
    "WorldBorderMixin",
    "WorldChunkMixin",
    "WorldRendererAccessor",
    "WorldRendererMixin",
    "YggdrasilMinecraftSessionServiceAccessor"
  ],
  "injectors": {
    "defaultRequire": 1
  }
}
